Name,Date
Derek Bennett,1979-09-23
Yuto Kobayashi,1989-05-26
Finley Turner,1970-08-14
Felix Turner,1990-09-01
Daisy Turner,2000-04-08
Kaito Kobayashi,1999-08-19
Alexis Bennett,1979-04-17
Harmony Lewis,1974-03-09
Kaito Saito,1998-08-25
Cassidy Thompson,2002-08-18
Olivia Turner,2002-02-08
Allison Taylor,2001-09-09
Bailey Miller,1971-10-08
Emma Robinson,2005-10-24
Mia Walker,1990-04-12
Henry Robinson,2008-01-29
Rina Yamashita,2009-10-07
Dakota Lewis,1978-11-22
Bennett Thompson,2002-08-18
Genevieve Robinson,2003-07-04
Ellie Turner,1998-11-23
Zoey Adams,1995-11-06
Cooper Brown,1978-08-27
Bryce Lewis,1973-02-06
Colin Lewis,1974-03-09
Emily Adams,1992-02-18
Bradley Martinez,1977-07-15
Brooklyn Harris,1994-05-31
Garrett Foster,1995-11-25
Harmony Nelson,2000-12-03
Hazel Smith,2003-01-12
Isaac Bennett,1989-04-26
Eli Taylor,1979-05-01
Isabella Reed,2005-07-28
Isabella Ramirez,1985-11-02
Finley Baker,1971-12-18
Olivia Davis,1979-06-18
Hudson Turner,1982-05-03
Mateo Reyes,1989-09-22
Aria Turner,1990-04-23
Emily Turner,2002-09-03
Gavin Harris,1994-04-21
Lily Anderson,1992-10-16
Annabelle Reed,2002-07-28
Logan Smith,2007-09-21
Hudson Mitchell,1989-06-29
Noah Harris,2003-02-18
Felicity Turner,2000-11-15
Ella Hill,2023-12-03
Brooklyn Bennett,1979-04-17
Isabelle Lewis,1978-11-22
Amelia Davis,1992-06-09
Christian Turner,1976-10-07
Haruka Kato,2007-04-29
Hayden Turner,2001-07-15
Frances Anderson,1982-03-21
Harrison Martinez,1977-07-15
Bradley Harris,1996-03-22
Sophia Robinson,1978-02-18
Destiny Davis,1971-06-08
Harper Brown,1978-08-27
Mason Robinson,1991-03-10
Brianna Lewis,1974-03-09
Clara Nelson,2000-12-03
Aiden Smith,1980-02-22
Lucas Harris,1995-05-12
Alexander Baker,1971-12-18
Scarlett Adams,1988-10-27
Sakura Kobayashi,1974-08-07
Brandon Foster,1994-02-04
Emma Carter,1998-04-19
Hunter Smith,1980-02-22
Isaac Davis,1999-05-27
Gabrielle Robinson,2005-10-14
Hiroki Yamaguchi,1990-07-26
Donovan Foster,1995-11-25
Ethan Harris,1996-03-22
Ian Carter,1984-06-29
Brianna Martin,1990-09-28
Felix Miller,1971-10-08
Delilah Robinson,2005-10-14
Sofia Gutierrez,2007-11-14
Gemma Bennett,1979-04-17
Carter Taylor,2007-07-15
Devin Turner,2008-04-16
Alexis Thompson,1990-05-14
Alexander Turner,1970-08-14
Nicolas Castillo,2002-08-19
Yuta Kimura,1999-02-11
Ethan Turner,1999-03-21
Daisy Bennett,1989-04-26
Emma Turner,1974-03-09
Elijah Reynolds,1983-04-25
Lucas Taylor,1986-04-29
Gavin Martinez,1977-07-15
Giselle Lewis,1978-11-22
Florence Thompson,1992-05-14
Finley Mitchell,1989-06-29
Aaron Davis,1986-03-31
Benjamin Martinez,2006-05-14
Sakura Yamada,1976-05-14
Gabriel Reynolds,1983-04-25
Yui Kobayashi,1975-08-15
Fiona Turner,1999-03-21
Olivia Hill,2005-07-16
Caitlin Peterson,1987-10-03
Yuki Ishikawa,2010-09-10
Brooke Harris,1988-06-25
Mason Hill,1997-10-07
Bryce Mitchell,1989-06-29
Christian White,1973-11-03
Diego Alonso,1980-09-13
Ana Ramirez,1990-06-05
Emma Hill,2023-12-13
Zoey White,2010-09-10
Gabriela Perez,1977-01-19
Ashley Turner,1984-03-19
Christopher Harris,1994-04-21
Bianca Robinson,2005-10-24
Ian Turner,1982-05-03
Christopher Reynolds,1983-04-25
Caleb Wilson,1980-03-08
Ava Hill,2004-07-28
Ian Garcia,1991-01-13
Fernando Garcia,1991-01-13
Oliver Walker,2001-09-29
Farrah Foster,1997-01-07
Jackson Adams,2000-01-09
Brooklyn Robinson,2003-07-04
Adam Turner,2001-07-15
Freya Robinson,1977-12-12
Isaac Lewis,2008-04-16
Gabrielle Wright,2007-08-11
Emma King,2001-04-23
Ella Martinez,1970-11-07
Dominic Reynolds,1983-04-25
Benjamin Adams,2009-09-13
Austin Turner,2002-09-03
Fiona Foster,1980-03-02
Adrian Hernandez,1978-12-30
Grace Carter,1998-04-19
Andrew Davis,1971-07-25
Ivan Robinson,2002-09-03
Benjamin Hill,2009-10-07
Erin Lewis,1978-11-22
Bianca Foster,1981-07-30
Alexander Thompson,2002-08-18
Elizabeth Lewis,1974-03-09
Scarlett Turner,1993-06-24
Gabrielle Peterson,1987-10-03
Zoey Smith,1983-12-18
Christopher Turner,1999-03-21
Delilah Bennett,1979-04-17
Natsumi Tanaka,1983-11-22
Bennett Martin,1980-03-02
Emi Suzuki,1974-04-29
Sakura Nakamura,2009-11-03
Colton Davis,1999-05-27
Chelsea Turner,2000-11-15
Chloe Adams,2004-06-12
Sophia Walker,1996-12-19
Daniel Anderson,1989-01-14
Graham Martin,1977-09-04
Destiny Foster,1975-11-18
Danielle Martin,1990-09-28
Chloe Davis,1988-02-22
Frederick Thompson,2002-08-18
Gabriela Rios,1986-02-11
Bryce Turner,2001-07-15
Dylan Carter,1984-06-29
Giselle Smith,2003-01-12
Lucas Torres,2009-10-30
Ella Robinson,1977-12-12
Adrian Moreno,1991-09-08
Lucas Walker,1989-05-26
Georgia Mitchell,1992-01-24
Haruka Watanabe,1991-10-08
Ryota Sato,2010-11-17
Rina Yamamoto,2008-09-10
Cameron Foster,1993-06-14
Camila Garcia,1972-09-14
Elizabeth Anderson,1982-03-21
Hailey Davis,1985-04-06
Carter Walker,1996-08-07
Destiny Robinson,2002-09-03
Ivan Turner,1976-07-20
Brooke Hayes,1989-12-10
Benjamin Turner,1982-05-03
Akihiro Yamamoto,2005-10-16
Gabriel Robinson,1972-12-07
Flynn Carter,1984-06-29
Jackson Robinson,2009-08-28
Frederick Reynolds,1983-04-25
Bella Taylor,2001-09-09
Adam Harris,1987-04-01
Gabrielle Lewis,1974-03-09
Sophia King,2002-12-11
Frances Harris,1988-06-25
Sofia Lara,1987-04-06
Isabella Turner,2000-11-15
Valentina Santiago,1999-10-02
Jackson Walker,2007-02-08
Mei Yamamoto,1987-09-29
Dominic Foster,1994-02-04
Claire Turner,2008-04-16
Haruhiro Kato,2006-06-05
Sophia Adams,1987-04-24
Cole Baker,1971-12-18
Chelsea Robinson,1977-12-12
Yuka Watanabe,1989-07-28
William Robinson,2006-06-05
Ellie Bennett,1979-04-17
Mei Yamashita,1992-10-16
Giselle Turner,1991-01-03
Delaney Bennett,1987-04-01
Hope Davis,1986-03-31
Harrison Robinson,1972-12-07
Harper Campbell,1990-11-30
Aya Yamada,2006-11-06
Gabrielle Turner,1999-03-21
Bradley Lewis,1973-08-15
Franklin Taylor,2007-07-15
Ashley Reed,2009-03-13
Sofia Jimenez,1977-06-12
Harper Turner,1974-03-09
Valentina Fernandez,2004-12-13
Ellie Mitchell,2008-09-12
Emma Lewis,1973-02-06
Aiden Walker,1994-08-07
Hannah Davis,1988-02-22
Cassidy Mitchell,1992-01-24
William Harris,1987-02-01
Bianca Peterson,1987-10-03
Sora Suzuki,2009-08-28
Lily Davis,1994-10-27
Emily Carter,1976-09-16
Zoey Taylor,1995-07-09
Delilah Reed,2009-03-13
Sophia Anderson,2000-01-17
Hayden Reed,2009-03-13
Harrison Harris,1994-04-21
Lucas Garcia,1989-06-18
Franklin Lewis,2008-04-16
Isla Lewis,1974-03-09
Isla Carter,1998-04-19
Ava Davis,2023-12-03
Bradley Reynolds,1983-04-25
Ivan Taylor,2007-07-15
Evan Harris,1994-04-21
Franklin Martinez,1977-07-15
Emma Harris,1994-05-31
Delilah Peterson,1987-10-03
Grace Miller,1974-08-20
Audrey Martin,1990-09-28
Kenta Watanabe,2004-09-10
Alex Reynolds,1983-04-25
Delaney Mitchell,1992-01-24
Haruhiro Yamaguchi,1989-04-06
Cameron Martin,1977-09-04
Lily Martinez,1996-12-19
Yuka Nakamura,2004-07-28
Lucia Hernandez,1990-05-24
Danielle Davis,1992-06-09
Bella Brown,2006-09-09
Aiden Robinson,1982-01-22
Ethan Miller,1989-07-21
Abigail Turner,2001-04-27
Taro Nakamura,1992-08-14
Felix Lewis,1974-03-09
Emily Walker,2004-12-08
Isabella Hill,2004-11-13
Isaac Turner,1994-03-17
George Foster,1994-02-04
Brayden Walker,1996-08-07
Liam Anderson,2005-07-16
Brooke Anderson,1982-03-21
Mateo Gomez,2004-07-25
Ethan Adams,1993-07-17
Bella Reed,2005-07-28
Austin Taylor,2007-07-15
Riku Yamashita,1986-01-29
Genevieve Thompson,2002-08-18
Lily Harris,1993-11-06
Oliver Adams,1992-08-25
Hope Thompson,1992-05-14
Dylan Turner,1998-11-23
Delaney Davis,1988-02-22
Autumn Nelson,1998-12-03
Eric Martin,1977-09-04
Brayden Baker,1971-12-18
Isabella Miller,1971-10-08
Garrett Harris,1996-03-22
Andrew White,1975-03-16
Harrison Walker,1996-08-07
Gwendolyn Lewis,1973-02-06
Ariana Turner,1999-06-11
Ava Smith,2003-01-12
Bella Smith,2003-01-12
Andres Rojas,1991-01-29
Bailey Turner,2005-10-24
Carter Reed,2009-03-13
Henry Walker,2008-01-29
Christopher Ranoldo,2023-12-02
Greyson Robinson,2002-09-03
Ella Lewis,2023-12-03
Ivan White,1975-03-16
Connor Harris,1996-03-22
Caleb White,1975-03-16
Ren Suzuki,2001-06-18
Dexter Smith,1980-02-22
Franklin Davis,1988-02-22
Emily Mitchell,1985-04-12
Ella Davis,1988-02-22
Isabelle Foster,1981-07-30
Dexter Turner,1982-05-03
Ethan Davis,1971-06-08
Emma Vasquez,1987-05-05
Benjamin King,2001-07-26
Bennett Davis,1988-02-22
Freya Harris,1994-05-31
Bella Turner,2002-09-08
Hailey Reed,2005-07-28
Nao Yamamoto,1999-04-24
Benjamin Robinson,1972-12-07
Eric Carter,1984-06-29
Sophia Turner,2003-06-23
Gabriella Turner,1998-11-23
Oliver Davis,1999-05-24
Alexis Wilson,2006-09-09
Gemma Hayes,1989-12-10
Ivy Carter,1976-09-16
Emma Bennett,2005-10-24
Claire Hayes,1989-12-10
Brian Turner,1999-03-21
Georgia Carter,1976-09-16
Ivy Lewis,1973-08-15
Yuna Yamaguchi,2001-06-18
Daisy Williams,1997-10-29
Nao Suzuki,2009-03-19
Donovan White,1973-11-03
Henry Anderson,1990-01-11
Flynn Walker,1996-08-07
Blake Campbell,1990-11-30
Bailey Thompson,1992-05-14
Olivia Harris,2008-06-15
Mia Anderson,1997-08-09
Brooke Turner,1998-11-23
Hiroshi Tanaka,1998-04-15
Zoey Miller,1979-05-24
Forgeman Kinderlan,2023-12-02
Addison Turner,1974-03-09
Charlotte Brown,2006-09-09
Courtney Turner,1991-01-03
Hannah Mitchell,1992-01-24
Emma Davis,1985-04-06
Caleb Wright,1994-01-29
Hazel Turner,2000-04-08
Gabriel Turner,1982-05-03
Felix Davis,1999-05-27
Hailey Lewis,1973-08-15
Grayson Mitchell,1989-06-29
Isabella King,2010-08-13
Garrett Carter,1984-06-29
Eric Taylor,2007-07-15
Damien Foster,1993-06-14
Logan Davis,1995-04-23
Claire Harris,1988-06-25
Noah Turner,2003-05-24
Carter Smith,1980-02-22
Kaede Ogawa,2010-03-19
Mei Kobayashi,1979-05-24
Daniel Walker,1972-07-17
Chloe Bennett,1989-04-26
Ariana Carter,2007-04-19
Colin Taylor,1979-05-01
Cameron Lewis,1973-08-15
Benjamin Harris,1982-01-26
Brayden Smith,1980-02-22
Bella Bennett,1989-04-26
Evelyn Wright,2007-08-11
Hiroshi Watanabe,1984-02-27
Daisy Foster,1997-01-07
Cassidy Robinson,2003-07-04
Christopher Foster,1995-11-25
Eric Bennett,1990-09-01
Griffin Martin,1990-09-28
Eli Foster,1981-07-30
Emma Johnson,1982-09-28
Giselle Davis,1985-04-06
Liam Adams,1998-10-30
Flynn Lewis,1974-03-09
Freya Davis,1988-02-22
Ivy Thompson,2002-08-18
Alice Turner,2008-04-16
Brooklyn Mitchell,1992-01-24
Ivan Smith,1980-02-22
Felicity Brown,2006-09-09
Bradley Carter,1984-06-29
Damien Mitchell,1989-06-29
Andrew Turner,1976-07-20
Ren Ito,1991-06-12
Aoi Kato,2005-05-12
Caroline Foster,1975-11-18
Hazel Harris,1994-05-31
Catherine Davis,2005-10-14
Aaron Walker,1996-08-07
Cooper Martin,1980-03-02
Sora Fujimoto,2005-03-01
Finn Smith,1980-02-22
Ella Walker,1979-09-13
Ellie Nelson,2000-12-03
Elizabeth Turner,2000-04-08
Valentina Fuentes,1976-06-23
Eric Baker,1971-12-18
Freya Mitchell,2008-09-12
Zoey Turner,1994-02-01
Alexander Harris,1994-05-31
Yuki Kato,1978-04-18
Derek Miller,1971-10-08
Mateo Rios,1981-04-29
Erin Peterson,1987-10-03
Daniel Brown,1976-10-20
Cassidy Foster,1997-01-07
Alice Taylor,1989-02-13
Sora Ishikawa,1996-12-03
Emily Lewis,1974-03-09
Freya Turner,2000-04-08
Liam Moore,1997-10-27
Grace Harris,1985-05-12
Finley Foster,1993-06-14
Riku Miyamoto,1986-04-29
Anthony White,1973-11-03
Ian Brown,1978-08-27
Ryota Yamamoto,1981-07-17
Hunter Foster,1993-06-14
Gregory Bennett,1979-09-23
Hope Peterson,1987-10-03
Farrah Reed,2005-07-28
Micron Delles,2023-12-03
Emily Reed,2009-03-13
Chloe Harris,2000-08-25
Liam Walker,1996-10-18
Isaac Foster,1995-11-25
Hudson Davis,1999-05-27
Valentina Acosta,1996-03-26
Zoey King,1997-12-11
Flynn Taylor,1979-05-01
Damien Harris,1980-03-02
Brooke Foster,1997-01-07
Noah White,1996-12-03
Gemma Harris,1994-05-31
Griffin Foster,1997-01-07
Bella Robinson,1971-06-08
Devin Davis,1985-04-06
Griffin Davis,2008-04-16
Freya Wright,2007-08-11
Ivan Foster,1993-06-14
Delilah Lewis,1974-03-09
Lucas Turner,2009-04-06
Ariana Lewis,1973-08-15
Hiroshi Kato,1992-10-16
Isabella Castillo,2008-01-13
Evan Foster,1995-11-25
Donovan Turner,2001-07-15
Holden Reynolds,1983-04-25
Caroline Carter,1976-09-16
Javier Soto,1972-01-22
Erin Mitchell,1992-01-24
Carter Carter,1984-06-29
Felicity Nelson,2000-12-03
Chloe Robinson,1971-06-08
Ava Mitchell,1992-01-24
Hazel Robinson,2005-10-24
Daniel Davis,1999-01-19
Faith Campbell,1990-11-30
Emma Alvarez,1978-12-30
Zoey Davis,1980-10-02
Delaney Foster,1997-01-07
Daisy Harris,1994-05-31
Dominic Lewis,1977-12-12
Ava Adams,2005-02-08
Delilah Turner,1999-03-21
Ivan Mitchell,1989-06-29
Farrah Taylor,2001-09-09
Hannah Turner,1998-11-23
Colin Davis,1986-03-31
Sofia Montoya,1994-08-19
Isabelle Turner,1999-03-21
Elizabeth Miller,1974-05-11
Bethany Carter,2005-10-14
Juan Vargas,2008-07-03
Destiny Lewis,1973-02-06
Gavin Lewis,1973-08-15
Blake Davis,1985-04-06
Brian Harris,1994-04-21
Gabrielle Brown,2006-09-09
Alex Turner,1993-08-06
Colin Bennett,1987-04-01
Harper Carter,1998-04-19
Jackson Moore,2002-01-09
Valeria Santos,1971-11-06
Ivy Smith,2003-01-12
Evan Davis,1999-05-27
Bennett Turner,2001-07-15
Fiona Mitchell,1992-01-24
Ariana Williams,1997-10-29
Finley Martin,1990-09-28
Mia Moore,1974-08-29
William Turner,2003-03-02
Iris Robinson,2005-10-24
Emily Martinez,1986-11-14
Ava Martin,1978-01-15
Caroline Wright,2007-08-11
Samuel Robinson,1999-06-12
Georgia Davis,1971-06-08
Hope Harris,1988-06-25
Yuki Ito,1990-04-12
Noah Robinson,2006-06-23
Daniel Serrano,1974-03-19
Courtney Lewis,1978-11-22
Greyson Miller,1974-05-11
Freya Smith,2003-01-12
Charlotte Campbell,1990-11-30
Cooper Harris,1982-01-26
Isaac Walker,1996-08-07
Hailey Robinson,2005-10-14
Emma Mendez,2006-05-24
Mason Turner,2008-02-01
Valeria Ortega,1989-11-22
Takashi Yoshida,2009-02-03
Ethan Garcia,1991-01-13
Maria Gonzalez,1997-05-14
Farrah Robinson,2005-10-14
Bennett Foster,1993-06-14
Camila Montoya,2002-09-03
Greyson Smith,1980-02-22
Noah Martinez,1988-05-03
Sebastian Rivas,2005-09-29
Cassidy Bennett,1979-04-17
Grace Robinson,1980-10-02
Logan Taylor,1977-09-07
Felix Harris,1996-03-22
Mia Robinson,1980-09-12
Damien Martin,1977-09-04
Aoi Suzuki,1991-11-13
Blake Brown,1978-08-27
Ella Taylor,1975-08-15
Aaron Taylor,1999-03-21
Ava Anderson,1975-02-15
Lily Turner,2009-09-13
Thomas Anderia,2023-12-02
Daniel Santos,1984-02-01
Christopher Robinson,1972-12-07
Jackson King,1996-07-09
Fiona Peterson,1987-10-03
Hudson Martin,1977-09-04
Isaac Martinez,1977-07-15
Chelsea Davis,1992-06-09
Benjamin Mitchell,1985-04-12
Hope Foster,1995-11-25
Javier Alvarez,1973-02-01
Gabriela Luna,1978-01-13
Delaney Thompson,2002-08-18
Farrah Bennett,1989-04-26
Hayden Taylor,2001-09-09
Flynn Miller,1971-10-08
Grace Clark,1992-09-22
Mia Turner,1991-05-14
Carter Mitchell,1989-06-29
Yui Miyazaki,1994-04-15
Benjamin Lewis,1974-03-09
Harmony Hayes,1989-12-10
Genevieve Lewis,1973-08-15
Declan Harris,1996-03-22
Fernando Foster,1995-11-25
Brandon Davis,1986-03-31
Chelsea Smith,2003-01-12
Austin Robinson,1975-10-18
Iris Turner,1974-03-09
Alejandro Vasquez,1992-09-28
Scarlett Scott,2009-10-02
Jackson Turner,1977-07-28
Jackson Miller,1976-11-14
Brooklyn Turner,2008-04-16
Isabelle Mitchell,1992-01-24
Aaron Foster,1995-11-25
Delaney Robinson,2003-07-04
Amelia White,2006-02-03
Isaiah White,1973-11-03
Gabrielle Bennett,1990-09-01
Farrah Turner,2001-07-15
Freya Foster,1981-07-30
Aiden King,1979-07-26
Eli Thompson,2002-08-18
Faith Lewis,1973-02-06
Frances Carter,1998-04-19
Camila Jimenez,1998-05-14
Ian Reynolds,1983-04-25
Isaiah Martin,1990-09-28
Alejandro Rios,2008-03-08
emma hill,2023-12-03
Destiny Martinez,1977-07-15
Emma Hayes,1989-12-10
Hudson Taylor,1979-05-01
Isaiah Miller,1974-05-11
Emily Robinson,2005-10-14
Benjamin Clark,1993-03-05
Ren Yamamoto,1976-05-14
Bennett Taylor,1979-05-01
Ava Moore,1996-06-11
Isla Davis,1986-03-31
Yuki Sato,1987-09-29
Addison Brown,1978-08-27
Benjamin Taylor,1999-03-21
Eric Mitchell,1989-06-29
Fernando Robinson,1972-12-07
Mason Walker,2009-11-13
Sofia Gomez,1976-12-20
Harrison Garcia,1991-01-13
Ian Williams,1997-10-29
Chloe Hill,1998-12-20
Isaiah Turner,2001-07-15
Ethan Walker,1996-08-07
Kaede Ishikawa,1999-06-12
Bethany Robinson,1977-12-12
Courtney Harris,1992-06-09
Harmony Carter,1976-09-16
Takumi Sato,2005-10-16
Dylan Baker,1971-12-18
Samuel Walker,1982-03-03
Noah Walker,2001-06-18
Fernando Harris,1994-04-21
Diego Mendoza,2001-11-06
Noah Anderson,2002-12-07
Greyson Taylor,2001-09-09
Eric White,1975-03-16
Destiny Turner,2000-11-15
Yui Nakajima,2004-11-13
Brayden Harris,1994-05-31
Takashi Yamamoto,2007-02-08
Graham Taylor,2007-07-15
Damien Lewis,1973-08-15
Bailey Carter,1984-06-29
Destiny Hayes,1989-12-10
Aya Kobayashi,1998-10-30
Hiroshi Yamamoto,2002-12-07
Alyssa Harris,2008-12-30
Gabriella Mitchell,2008-09-12
Iris Hayes,1989-12-10
William White,1978-08-26
Griffin Bennett,1990-09-01
Damien White,1975-03-16
Alejandro Navarro,1975-02-11
Dakota Carter,1976-09-16
Kaito Sato,1993-11-14
Diego Perez,1993-04-01
Freya Bennett,1990-09-01
Brandon White,1975-03-16
Ivy Baker,1971-12-18
Alyssa Anderson,1992-03-21
Isabella Mendoza,1992-06-24
Eli Turner,1982-05-03
Catherine Carter,1998-04-19
Blake Bennett,1990-09-01
Brandon Garcia,1991-01-13
Haruhiro Ishikawa,1977-06-12
Gabriel Harris,1982-01-26
Bella Davis,1988-02-22
Henry Hill,2004-05-05
Anthony Turner,1986-10-07
Chloe Martinez,1999-01-05
Hana Ogawa,1995-02-18
Ren Yoshida,1977-09-13
Brian Miller,1971-10-08
Christopher Lewis,1973-08-15
Isla Anderson,1982-03-21
Eric Miller,1971-10-08
Isabella Silva,1982-07-28
Griffin Brown,1978-08-27
Hunter Bennett,1990-09-01
Austin Mitchell,1996-09-05
Liam Brown,2000-11-15
Delilah Brown,2006-09-09
Emma Campbell,1990-11-30
Ava Walker,1977-11-17
Erin Davis,1986-03-31
Ava Robinson,1971-06-08
Sofia Hernandez,1990-06-12
Isabelle Robinson,2003-07-04
Christian Lewis,1973-02-06
Lucas Davis,1994-01-19
Isabella Bennett,1990-09-01
Brianna Bennett,1990-09-01
Damien Turner,1994-03-17
William Carter,2006-09-10
Hana Yamamoto,1982-05-03
Aria Smith,2011-04-03
Iris Reed,2009-03-13
Holden Foster,1997-01-07
Graham Lewis,1977-12-12
Fiona Robinson,2005-10-24
Yuna Nakamura,2009-03-03
Jackson Wilson,1973-10-26
Ava Campbell,2001-11-30
Isabella Walker,1981-03-05
Isabella Clark,1977-10-17
Ivy Wright,2007-08-11
Dakota Nelson,2000-12-03
Bradley Foster,1975-11-18
Scarlett Smith,1984-01-29
Lily Robinson,2005-07-16
Audrey Harris,1988-06-25
Hunter Miller,1971-10-08
Amelia Hayes,1989-12-10
Sophia White,2002-03-14
Flynn Reed,2009-03-13
Miguel Ramirez,2009-03-03
Isabella Brown,2006-09-09
Alyssa Turner,1998-11-23
Brian Davis,1999-05-27
Addison Robinson,2004-05-28
Florence Williams,1997-10-29
Evan White,1973-11-03
Ella Williams,1997-10-29
Holden Taylor,2007-07-15
Franklin White,1975-03-16
Greyson Reed,2009-03-13
Samuel Turner,1998-06-24
Ethan Lewis,1974-03-09
Flynn Davis,1992-06-09
Isaiah Taylor,2001-09-09
Adam Bennett,1975-11-18
Alejandro Gonzalez,2001-03-24
Ellie Davis,1988-02-22
Iris Bennett,1990-09-01
Fiona Harris,1994-05-31
Harmony Turner,1999-03-21
Oliver Robinson,1976-04-29
Ivy Robinson,1977-12-12
Destiny Mitchell,2008-09-12
Andres Flores,2004-03-19
Caleb Clark,2007-05-14
Franklin Martin,1977-09-04
Sophia Clark,2007-12-19
Diego Molina,1981-08-07
Heidi Lewis,1973-08-15
Hunter White,1975-03-16
Amelia Rodriguez,1995-04-12
Gabriel Miller,1971-10-08
Hazel Anderson,1982-03-21
Blake Turner,2002-09-03
Scarlett Harris,2000-09-21
Hudson Robinson,2002-09-03
Valeria Navarro,1998-02-28
Bailey Reed,2009-03-13
Connor Martinez,1977-07-15
Rina Yamaguchi,2007-09-21
Yuna Watanabe,1979-09-13
Harper Bennett,1979-04-17
Evan Robinson,1972-12-07
dan dan,1982-01-22
Abigail Foster,1981-07-30
Evan Lewis,2008-04-16
Carter Harris,1980-03-02
Zoey Robinson,2000-10-18
Ryota Fujita,1986-02-11
Charlotte Taylor,2001-09-09
Samuel Harris,2005-08-15
Mateo Lopez,1997-08-15
Allison Mitchell,2008-09-12
Aiden Harris,1996-03-22
Hayden White,1973-11-03
Frances Turner,1991-01-03
Hayes Baker,1971-12-18
Addison Wright,2004-08-11
Amelia Carter,2005-10-14
Olivia Walker,1975-11-28
Bradley Turner,1994-03-17
Logan Hill,1999-08-25
Alan Taylor,1979-05-01
Dylan Mitchell,1985-04-12
Liam Turner,2010-03-01
Anthony Miller,1974-05-11
Maria Lopez,2008-07-10
Chloe Mitchell,1985-04-12
Aiden Clark,1978-06-17
Bella Foster,1997-01-07
Lucas Castillo,1992-02-08
Chloe Smith,1993-11-30
Cooper Turner,1970-08-14
Aya Suzuki,2005-10-16
Flynn Turner,2002-09-03
Felicity Bennett,1979-04-17
Jackson Hill,1976-06-01
Erin Foster,1997-01-07
Daniel Campbell,1990-11-30
Isabella Robinson,2005-10-14
Daniel Martinez,1982-09-28
Genevieve Foster,1981-07-30
Noah Taylor,1991-12-19
Dakota Turner,1976-07-20
Iris Foster,1994-02-04
Jackson Harris,1998-06-18
Dylan Bennett,1990-09-01
Brayden Taylor,2007-07-15
Ellie Brown,2006-09-09
Riku Yamada,1982-01-22
Emily King,1992-11-19
Eli Lewis,1973-08-15
Ivan Davis,2002-09-03
Catherine Williams,1997-10-29
Amelia Turner,2000-11-15
Colin Miller,1971-10-08
Grace Walker,2009-03-19
Isaiah Foster,1997-01-07
Oliver King,1973-12-20
Harrison Davis,1988-02-22
Brayden Miller,1974-05-11
Grace Campbell,1990-11-30
Danielle Reed,2005-07-28
Ava Turner,2005-10-24
Maria Delgado,1993-04-15
Akira Yamada,1988-05-03
Aoi Ito,1995-04-23
Valentina Reyes,1973-02-18
Brianna Williams,1997-10-29
Henry Davis,1989-07-28
Ethan Robinson,1975-11-18
Aaron Robinson,1972-05-20
Riku Yamamoto,2003-08-24
Grace Smith,2005-03-01
Mia Davis,2005-10-16
Adrian Sanchez,1995-02-18
Miguel Silva,2003-05-05
Damian Garcia,1991-01-13
Garrett Turner,2001-07-15
Caitlin Martin,1990-09-28
Flynn White,1973-11-03
Abigail Lewis,1974-03-09
Gabriel Garcia,1991-01-13
Isla Harris,1994-05-31
Gabriella Lewis,1974-03-09
Graham Baker,1971-12-18
Evan Turner,2001-07-15
Iris Harris,1994-04-21
Andrew Bennett,1990-09-01
Yuna Ishikawa,1985-11-22
Erin Turner,1991-01-03
Sakura Takahashi,2005-11-17
Evan Martinez,1977-07-15
Valeria Castro,1970-10-17
Henry Harris,1996-03-22
Eric Turner,2001-07-15
Andres Acosta,2006-06-12
Isabelle Nelson,2000-12-03
Ava Lewis,1978-11-22
Sakura Ishikawa,2002-11-22
Hazel Bennett,1989-04-26
Claire Anderson,1982-03-21
Anthony Smith,1990-10-11
Emily Bennett,1990-09-01
Yui Nakamura,2006-02-01
Brianna Harris,1992-06-09
Bailey Mitchell,2008-09-12
Graham Foster,1997-01-07
Ava Bennett,1989-04-26
Henry Moore,1973-07-02
Gemma Anderson,1982-03-21
Isla Peterson,1987-10-03
Ivy Martin,1977-09-04
Lily Adams,2001-12-19
Ella Harris,1989-10-08
Yuto Fujita,2000-01-09
Daisy Carter,1998-04-19
Isaac Harris,1996-03-22
Beth Turner,2000-04-08
Camila Martinez,2007-05-31
Elijah Foster,1994-02-04
Dominic Brown,1978-08-27
Ethan Taylor,2007-07-28
Dylan Taylor,2001-09-09
Devin Harris,1992-06-09
Logan Garcia,2003-12-07
Caleb Walker,2003-08-24
Eli Bennett,1979-09-23
Ian Harris,1982-01-26
Erin Smith,2003-01-12
Delaney Turner,2005-10-24
Henry Lewis,1977-12-12
Aiden Turner,2004-09-10
Oliver Harris,1997-01-05
Cornilious James,2023-12-02
Nicolas Jimenez,1993-04-15
Bryce Harris,1980-03-02
Ashley Foster,1997-01-07
Nao Sasaki,2006-10-16
Griffin Walker,1996-08-07
Aya Takahashi,1986-02-11
Finn Turner,1976-10-07
Juan Reyes,1970-08-30
Finley Brown,1978-08-27
Mia Harris,1978-04-06
Hayden Davis,1971-06-08
Brooklyn Wright,2007-08-11
Isla Turner,1991-01-03
Greyson Turner,1976-07-20
Grayson White,1975-03-16
Devin Anderson,1982-03-21
Isabella Harris,1978-10-27
Audrey Robinson,1977-12-12
Destiny Harris,1988-06-25
Shay Shay,1982-01-22
Caitlin Foster,1981-07-30
Andrew Garcia,1991-01-13
Hayden Thompson,2002-08-18
Hayden Carter,1984-06-29
Griffin White,1973-11-03
Gwendolyn Davis,1988-02-22
Hunter Turner,1976-07-20
Harrison Lewis,2008-04-16
Danielle Turner,2005-10-24
Damian Robinson,1972-12-07
Delilah Wright,2007-08-11
Harrison Martin,1990-09-28
Isabella Vega,1979-11-17
Ella Thompson,1992-05-14
Brooklyn Davis,1992-06-09
Hana Kobayashi,2000-02-01
Aidan Harris,1972-01-26
Alexander Martinez,1977-07-15
Logan Walker,1991-03-30
Austin Foster,1993-06-14
Daisy Smith,2003-01-12
Ella Brown,1978-08-27
Abigail Peterson,1987-10-03
Alyssa Davis,1988-02-22
Caleb Turner,2002-09-08
Liam Harris,1999-08-19
Juan Herrera,2006-02-23
Cassidy Turner,2001-07-15
Emma Walker,2005-08-30
Oliver Hill,1991-07-25
Derek Taylor,1979-05-01
Ella Adams,1987-01-19
Emily Taylor,2001-09-09
Maria Guerrero,1984-04-29
Bailey Nelson,2000-12-03
Chloe Moore,1971-09-13
Harmony Williams,1997-10-29
Brayden Turner,2008-04-16
Donovan Walker,1996-08-07
Valentina Rodriguez,2005-12-07
Devin Lewis,1973-08-15
Chloe Turner,2005-10-24
Faith Carter,1976-09-16
Lucia Ortega,2003-11-28
Christian Harris,1994-05-31
Mason Miller,1991-08-30
Yuki Kobayashi,2007-12-19
Camila Diaz,1980-07-17
Gabrielle Reed,2005-07-28
Ryota Yamaguchi,1992-12-07
Noah Adams,1971-01-09
Amelia Foster,2005-01-13
Gavin Turner,1970-08-14
Taro Suzuki,1973-12-20
Takumi Suzuki,2023-12-03
Georgia Nelson,2000-12-03
Gabriela Torres,1995-12-20
Gemma Davis,1986-03-31
Hailey Wright,2007-08-11
Emma Anderson,1989-09-03
Sora Yamaguchi,2008-04-29
Frederick Bennett,1979-09-23
Georgia Robinson,2002-09-03
Nicolas Herrera,2006-02-01
Ava Martinez,2005-02-08
Chloe Walker,2008-04-29
Camila Santos,1996-08-15
Ian Davis,1988-02-22
Mei Suzuki,2005-03-19
Farrah Davis,1985-04-06
chc ,2023-12-03
Miguel Lopez,1994-04-10
Olivia Clark,2008-02-18
Fiona Davis,1988-02-22
Cameron Turner,1976-07-20
Grace Turner,1974-03-09
Colton Turner,2002-09-03
Hudson Bennett,1990-09-01
Brayden White,1973-11-03
Eli Smith,1980-02-22
Caitlin Turner,2005-10-24
Damien Taylor,2007-07-15
Ava Miller,1971-10-08
Hailey Turner,2000-11-15
Ivy Campbell,1990-11-30
Lucia Perez,2003-12-29
Destiny Martin,1980-03-02
Henry Turner,1994-03-17
Alexander Lewis,1973-02-06
Carter Turner,1982-05-03
Chloe Reed,2005-07-28
Cameron Garcia,1991-01-13
Mason Harris,1993-02-27
Addison Davis,1985-04-06
Cooper Bennett,1990-09-01
Addison Carter,1984-06-29
Brandon Martin,1977-09-04
Austin Martin,1977-09-04
Ella Turner,1995-03-19
Freya Hayes,1989-12-10
Javier Gutierrez,1971-10-27
Isabella Mitchell,2008-09-12
Olivia Robinson,1987-12-20
Emi Nakajima,2001-07-03
Gwendolyn Williams,1997-10-29
Adrian Taylor,1988-09-08
